Record,Age,Gender,CP,Trestbps,Chol,Fbs,Restecg,Thalach,Exang,Oldpeak,Slope,CA,Thal,Class
1,63,Male,P1,145,233,Yes,R2,150,No,2.3,S3,0,T6,NoDisease
2,67,Male,P4,160,286,No,R2,108,Yes,1.5,S2,3,T3,Disease
3,67,Male,P4,120,229,No,R2,129,Yes,2.6,S2,2,T7,Disease
4,37,Male,P3,130,250,No,R0,187,No,3.5,S3,0,T3,NoDisease
5,41,Female,P2,130,204,No,R2,172,No,1.4,S1,0,T3,NoDisease
6,56,Male,P2,120,236,No,R0,178,No,0.8,S1,0,T3,NoDisease
7,62,Female,P4,140,268,No,R2,160,No,3.6,S3,2,T3,Disease
8,57,Female,P4,120,354,No,R0,163,Yes,0.6,S1,0,T3,NoDisease
9,63,Male,P4,130,254,No,R2,147,No,1.4,S2,1,T7,Disease
10,53,Male,P4,140,203,Yes,R2,155,Yes,3.1,S3,0,T7,Disease
11,57,Male,P4,140,192,No,R0,148,No,0.4,S2,0,T6,NoDisease
12,56,Female,P2,140,294,No,R2,153,No,1.3,S2,0,T3,NoDisease
13,56,Male,P3,130,256,Yes,R2,142,Yes,0.6,S2,1,T6,Disease
14,44,Male,P2,120,263,No,R0,173,No,0,S1,0,T7,NoDisease
15,52,Male,P3,172,199,Yes,R0,162,No,0.5,S1,0,T7,NoDisease
16,57,Male,P3,150,168,No,R0,174,No,1.6,S1,0,T3,NoDisease
17,48,Male,P2,110,229,No,R0,168,No,1,S3,0,T7,Disease
18,54,Male,P4,140,239,No,R0,160,No,1.2,S1,0,T3,NoDisease
19,48,Female,P3,130,275,No,R0,139,No,0.2,S1,0,T3,NoDisease
20,49,Male,P2,130,266,No,R0,171,No,0.6,S1,0,T3,NoDisease
21,64,Male,P1,110,211,No,R2,144,Yes,1.8,S2,0,T3,NoDisease
22,58,Female,P1,150,283,Yes,R2,162,No,1,S1,0,T3,NoDisease
23,58,Male,P2,120,284,No,R2,160,No,1.8,S2,0,T3,Disease
24,58,Male,P3,132,224,No,R2,173,No,3.2,S1,2,T7,Disease
25,60,Male,P4,130,206,No,R2,132,Yes,2.4,S2,2,T7,Disease
26,50,Female,P3,120,219,No,R0,158,No,1.6,S2,0,T3,NoDisease
27,58,Female,P3,120,340,No,R0,172,No,0,S1,0,T3,NoDisease
28,66,Female,P1,150,226,No,R0,114,No,2.6,S3,0,T3,NoDisease
29,43,Male,P4,150,247,No,R0,171,No,1.5,S1,0,T3,NoDisease
30,40,Male,P4,110,167,No,R2,114,Yes,2,S2,0,T7,Disease
31,69,Female,P1,140,239,No,R0,151,No,1.8,S1,2,T3,NoDisease
32,60,Male,P4,117,230,Yes,R0,160,Yes,1.4,S1,2,T7,Disease
33,64,Male,P3,140,335,No,R0,158,No,0,S1,0,T3,Disease
34,59,Male,P4,135,234,No,R0,161,No,0.5,S2,0,T7,NoDisease
35,44,Male,P3,130,233,No,R0,179,Yes,0.4,S1,0,T3,NoDisease
36,42,Male,P4,140,226,No,R0,178,No,0,S1,0,T3,NoDisease
37,43,Male,P4,120,177,No,R2,120,Yes,2.5,S2,0,T7,Disease
38,57,Male,P4,150,276,No,R2,112,Yes,0.6,S2,1,T6,Disease
39,55,Male,P4,132,353,No,R0,132,Yes,1.2,S2,1,T7,Disease
40,61,Male,P3,150,243,Yes,R0,137,Yes,1,S2,0,T3,NoDisease
41,65,Female,P4,150,225,No,R2,114,No,1,S2,3,T7,Disease
42,40,Male,P1,140,199,No,R0,178,Yes,1.4,S1,0,T7,NoDisease
43,71,Female,P2,160,302,No,R0,162,No,0.4,S1,2,T3,NoDisease
44,59,Male,P3,150,212,Yes,R0,157,No,1.6,S1,0,T3,NoDisease
45,61,Female,P4,130,330,No,R2,169,No,0,S1,0,T3,Disease
46,58,Male,P3,112,230,No,R2,165,No,2.5,S2,1,T7,Disease
47,51,Male,P3,110,175,No,R0,123,No,0.6,S1,0,T3,NoDisease
48,50,Male,P4,150,243,No,R2,128,No,2.6,S2,0,T7,Disease
49,65,Female,P3,140,417,Yes,R2,157,No,0.8,S1,1,T3,NoDisease
50,53,Male,P3,130,197,Yes,R2,152,No,1.2,S3,0,T3,NoDisease
51,41,Female,P2,105,198,No,R0,168,No,0,S1,1,T3,NoDisease
52,65,Male,P4,120,177,No,R0,140,No,0.4,S1,0,T7,NoDisease
53,44,Male,P4,112,290,No,R2,153,No,0,S1,1,T3,Disease
54,44,Male,P2,130,219,No,R2,188,No,0,S1,0,T3,NoDisease
55,60,Male,P4,130,253,No,R0,144,Yes,1.4,S1,1,T7,Disease
56,54,Male,P4,124,266,No,R2,109,Yes,2.2,S2,1,T7,Disease
57,50,Male,P3,140,233,No,R0,163,No,0.6,S2,1,T7,Disease
58,41,Male,P4,110,172,No,R2,158,No,0,S1,0,T7,Disease
59,54,Male,P3,125,273,No,R2,152,No,0.5,S3,1,T3,NoDisease
60,51,Male,P1,125,213,No,R2,125,Yes,1.4,S1,1,T3,NoDisease
61,51,Female,P4,130,305,No,R0,142,Yes,1.2,S2,0,T7,Disease
62,46,Female,P3,142,177,No,R2,160,Yes,1.4,S3,0,T3,NoDisease
63,58,Male,P4,128,216,No,R2,131,Yes,2.2,S2,3,T7,Disease
64,54,Female,P3,135,304,Yes,R0,170,No,0,S1,0,T3,NoDisease
65,54,Male,P4,120,188,No,R0,113,No,1.4,S2,1,T7,Disease
66,60,Male,P4,145,282,No,R2,142,Yes,2.8,S2,2,T7,Disease
67,60,Male,P3,140,185,No,R2,155,No,3,S2,0,T3,Disease
68,54,Male,P3,150,232,No,R2,165,No,1.6,S1,0,T7,NoDisease
69,59,Male,P4,170,326,No,R2,140,Yes,3.4,S3,0,T7,Disease
70,46,Male,P3,150,231,No,R0,147,No,3.6,S2,0,T3,Disease
71,65,Female,P3,155,269,No,R0,148,No,0.8,S1,0,T3,NoDisease
72,67,Male,P4,125,254,Yes,R0,163,No,0.2,S2,2,T7,Disease
73,62,Male,P4,120,267,No,R0,99,Yes,1.8,S2,2,T7,Disease
74,65,Male,P4,110,248,No,R2,158,No,0.6,S1,2,T6,Disease
75,44,Male,P4,110,197,No,R2,177,No,0,S1,1,T3,Disease
76,65,Female,P3,160,360,No,R2,151,No,0.8,S1,0,T3,NoDisease
77,60,Male,P4,125,258,No,R2,141,Yes,2.8,S2,1,T7,Disease
78,51,Female,P3,140,308,No,R2,142,No,1.5,S1,1,T3,NoDisease
79,48,Male,P2,130,245,No,R2,180,No,0.2,S2,0,T3,NoDisease
80,58,Male,P4,150,270,No,R2,111,Yes,0.8,S1,0,T7,Disease
81,45,Male,P4,104,208,No,R2,148,Yes,3,S2,0,T3,NoDisease
82,53,Female,P4,130,264,No,R2,143,No,0.4,S2,0,T3,NoDisease
83,39,Male,P3,140,321,No,R2,182,No,0,S1,0,T3,NoDisease
84,68,Male,P3,180,274,Yes,R2,150,Yes,1.6,S2,0,T7,Disease
85,52,Male,P2,120,325,No,R0,172,No,0.2,S1,0,T3,NoDisease
86,44,Male,P3,140,235,No,R2,180,No,0,S1,0,T3,NoDisease
87,47,Male,P3,138,257,No,R2,156,No,0,S1,0,T3,NoDisease
88,53,Female,P4,138,234,No,R2,160,No,0,S1,0,T3,NoDisease
89,51,Female,P3,130,256,No,R2,149,No,0.5,S1,0,T3,NoDisease
90,66,Male,P4,120,302,No,R2,151,No,0.4,S2,0,T3,NoDisease
91,62,Female,P4,160,164,No,R2,145,No,6.2,S3,3,T7,Disease
92,62,Male,P3,130,231,No,R0,146,No,1.8,S2,3,T7,NoDisease
93,44,Female,P3,108,141,No,R0,175,No,0.6,S2,0,T3,NoDisease
94,63,Female,P3,135,252,No,R2,172,No,0,S1,0,T3,NoDisease
95,52,Male,P4,128,255,No,R0,161,Yes,0,S1,1,T7,Disease
96,59,Male,P4,110,239,No,R2,142,Yes,1.2,S2,1,T7,Disease
97,60,Female,P4,150,258,No,R2,157,No,2.6,S2,2,T7,Disease
98,52,Male,P2,134,201,No,R0,158,No,0.8,S1,1,T3,NoDisease
99,48,Male,P4,122,222,No,R2,186,No,0,S1,0,T3,NoDisease
100,45,Male,P4,115,260,No,R2,185,No,0,S1,0,T3,NoDisease
101,34,Male,P1,118,182,No,R2,174,No,0,S1,0,T3,NoDisease
102,57,Female,P4,128,303,No,R2,159,No,0,S1,1,T3,NoDisease
103,71,Female,P3,110,265,Yes,R2,130,No,0,S1,1,T3,NoDisease
104,49,Male,P3,120,188,No,R0,139,No,2,S2,3,T7,Disease
105,54,Male,P2,108,309,No,R0,156,No,0,S1,0,T7,NoDisease
106,59,Male,P4,140,177,No,R0,162,Yes,0,S1,1,T7,Disease
107,57,Male,P3,128,229,No,R2,150,No,0.4,S2,1,T7,Disease
108,61,Male,P4,120,260,No,R0,140,Yes,3.6,S2,1,T7,Disease
109,39,Male,P4,118,219,No,R0,140,No,1.2,S2,0,T7,Disease
110,61,Female,P4,145,307,No,R2,146,Yes,1,S2,0,T7,Disease
111,56,Male,P4,125,249,Yes,R2,144,Yes,1.2,S2,1,T3,Disease
112,52,Male,P1,118,186,No,R2,190,No,0,S2,0,T6,NoDisease
113,43,Female,P4,132,341,Yes,R2,136,Yes,3,S2,0,T7,Disease
114,62,Female,P3,130,263,No,R0,97,No,1.2,S2,1,T7,Disease
115,41,Male,P2,135,203,No,R0,132,No,0,S2,0,T6,NoDisease
116,58,Male,P3,140,211,Yes,R2,165,No,0,S1,0,T3,NoDisease
117,35,Female,P4,138,183,No,R0,182,No,1.4,S1,0,T3,NoDisease
118,63,Male,P4,130,330,Yes,R2,132,Yes,1.8,S1,3,T7,Disease
119,65,Male,P4,135,254,No,R2,127,No,2.8,S2,1,T7,Disease
120,48,Male,P4,130,256,Yes,R2,150,Yes,0,S1,2,T7,Disease
121,63,Female,P4,150,407,No,R2,154,No,4,S2,3,T7,Disease
122,51,Male,P3,100,222,No,R0,143,Yes,1.2,S2,0,T3,NoDisease
123,55,Male,P4,140,217,No,R0,111,Yes,5.6,S3,0,T7,Disease
124,65,Male,P1,138,282,Yes,R2,174,No,1.4,S2,1,T3,Disease
125,45,Female,P2,130,234,No,R2,175,No,0.6,S2,0,T3,NoDisease
126,56,Female,P4,200,288,Yes,R2,133,Yes,4,S3,2,T7,Disease
127,54,Male,P4,110,239,No,R0,126,Yes,2.8,S2,1,T7,Disease
128,44,Male,P2,120,220,No,R0,170,No,0,S1,0,T3,NoDisease
129,62,Female,P4,124,209,No,R0,163,No,0,S1,0,T3,NoDisease
130,54,Male,P3,120,258,No,R2,147,No,0.4,S2,0,T7,NoDisease
131,51,Male,P3,94,227,No,R0,154,Yes,0,S1,1,T7,NoDisease
132,29,Male,P2,130,204,No,R2,202,No,0,S1,0,T3,NoDisease
133,51,Male,P4,140,261,No,R2,186,Yes,0,S1,0,T3,NoDisease
134,43,Female,P3,122,213,No,R0,165,No,0.2,S2,0,T3,NoDisease
135,55,Female,P2,135,250,No,R2,161,No,1.4,S2,0,T3,NoDisease
136,70,Male,P4,145,174,No,R0,125,Yes,2.6,S3,0,T7,Disease
137,62,Male,P2,120,281,No,R2,103,No,1.4,S2,1,T7,Disease
138,35,Male,P4,120,198,No,R0,130,Yes,1.6,S2,0,T7,Disease
139,51,Male,P3,125,245,Yes,R2,166,No,2.4,S2,0,T3,NoDisease
140,59,Male,P2,140,221,No,R0,164,Yes,0,S1,0,T3,NoDisease
141,59,Male,P1,170,288,No,R2,159,No,0.2,S2,0,T7,Disease
142,52,Male,P2,128,205,Yes,R0,184,No,0,S1,0,T3,NoDisease
143,64,Male,P3,125,309,No,R0,131,Yes,1.8,S2,0,T7,Disease
144,58,Male,P3,105,240,No,R2,154,Yes,0.6,S2,0,T7,NoDisease
145,47,Male,P3,108,243,No,R0,152,No,0,S1,0,T3,Disease
146,57,Male,P4,165,289,Yes,R2,124,No,1,S2,3,T7,Disease
147,41,Male,P3,112,250,No,R0,179,No,0,S1,0,T3,NoDisease
148,45,Male,P2,128,308,No,R2,170,No,0,S1,0,T3,NoDisease
149,60,Female,P3,102,318,No,R0,160,No,0,S1,1,T3,NoDisease
150,52,Male,P1,152,298,Yes,R0,178,No,1.2,S2,0,T7,NoDisease
151,42,Female,P4,102,265,No,R2,122,No,0.6,S2,0,T3,NoDisease
152,67,Female,P3,115,564,No,R2,160,No,1.6,S2,0,T7,NoDisease
153,55,Male,P4,160,289,No,R2,145,Yes,0.8,S2,1,T7,Disease
154,64,Male,P4,120,246,No,R2,96,Yes,2.2,S3,1,T3,Disease
155,70,Male,P4,130,322,No,R2,109,No,2.4,S2,3,T3,Disease
156,51,Male,P4,140,299,No,R0,173,Yes,1.6,S1,0,T7,Disease
157,58,Male,P4,125,300,No,R2,171,No,0,S1,2,T7,Disease
158,60,Male,P4,140,293,No,R2,170,No,1.2,S2,2,T7,Disease
159,68,Male,P3,118,277,No,R0,151,No,1,S1,1,T7,NoDisease
160,46,Male,P2,101,197,Yes,R0,156,No,0,S1,0,T7,NoDisease
161,77,Male,P4,125,304,No,R2,162,Yes,0,S1,3,T3,Disease
162,54,Female,P3,110,214,No,R0,158,No,1.6,S2,0,T3,NoDisease
163,58,Female,P4,100,248,No,R2,122,No,1,S2,0,T3,NoDisease
164,48,Male,P3,124,255,Yes,R0,175,No,0,S1,2,T3,NoDisease
165,57,Male,P4,132,207,No,R0,168,Yes,0,S1,0,T7,NoDisease
166,54,Female,P2,132,288,Yes,R2,159,Yes,0,S1,1,T3,NoDisease
167,35,Male,P4,126,282,No,R2,156,Yes,0,S1,0,T7,Disease
168,45,Female,P2,112,160,No,R0,138,No,0,S2,0,T3,NoDisease
169,70,Male,P3,160,269,No,R0,112,Yes,2.9,S2,1,T7,Disease
170,53,Male,P4,142,226,No,R2,111,Yes,0,S1,0,T7,NoDisease
171,59,Female,P4,174,249,No,R0,143,Yes,0,S2,0,T3,Disease
172,62,Female,P4,140,394,No,R2,157,No,1.2,S2,0,T3,NoDisease
173,64,Male,P4,145,212,No,R2,132,No,2,S2,2,T6,Disease
174,57,Male,P4,152,274,No,R0,88,Yes,1.2,S2,1,T7,Disease
175,52,Male,P4,108,233,Yes,R0,147,No,0.1,S1,3,T7,NoDisease
176,56,Male,P4,132,184,No,R2,105,Yes,2.1,S2,1,T6,Disease
177,43,Male,P3,130,315,No,R0,162,No,1.9,S1,1,T3,NoDisease
178,53,Male,P3,130,246,Yes,R2,173,No,0,S1,3,T3,NoDisease
179,48,Male,P4,124,274,No,R2,166,No,0.5,S2,0,T7,Disease
180,56,Female,P4,134,409,No,R2,150,Yes,1.9,S2,2,T7,Disease
181,42,Male,P1,148,244,No,R2,178,No,0.8,S1,2,T3,NoDisease
182,59,Male,P1,178,270,No,R2,145,No,4.2,S3,0,T7,NoDisease
183,60,Female,P4,158,305,No,R2,161,No,0,S1,0,T3,Disease
184,63,Female,P2,140,195,No,R0,179,No,0,S1,2,T3,NoDisease
185,42,Male,P3,120,240,Yes,R0,194,No,0.8,S3,0,T7,NoDisease
186,66,Male,P2,160,246,No,R0,120,Yes,0,S2,3,T6,Disease
187,54,Male,P2,192,283,No,R2,195,No,0,S1,1,T7,Disease
188,69,Male,P3,140,254,No,R2,146,No,2,S2,3,T7,Disease
189,50,Male,P3,129,196,No,R0,163,No,0,S1,0,T3,NoDisease
190,51,Male,P4,140,298,No,R0,122,Yes,4.2,S2,3,T7,Disease
191,62,Female,P4,138,294,Yes,R0,106,No,1.9,S2,3,T3,Disease
192,68,Female,P3,120,211,No,R2,115,No,1.5,S2,0,T3,NoDisease
193,67,Male,P4,100,299,No,R2,125,Yes,0.9,S2,2,T3,Disease
194,69,Male,P1,160,234,Yes,R2,131,No,0.1,S2,1,T3,NoDisease
195,45,Female,P4,138,236,No,R2,152,Yes,0.2,S2,0,T3,NoDisease
196,50,Female,P2,120,244,No,R0,162,No,1.1,S1,0,T3,NoDisease
197,59,Male,P1,160,273,No,R2,125,No,0,S1,0,T3,Disease
198,50,Female,P4,110,254,No,R2,159,No,0,S1,0,T3,NoDisease
199,64,Female,P4,180,325,No,R0,154,Yes,0,S1,0,T3,NoDisease
200,57,Male,P3,150,126,Yes,R0,173,No,0.2,S1,1,T7,NoDisease
201,64,Female,P3,140,313,No,R0,133,No,0.2,S1,0,T7,NoDisease
202,43,Male,P4,110,211,No,R0,161,No,0,S1,0,T7,NoDisease
203,45,Male,P4,142,309,No,R2,147,Yes,0,S2,3,T7,Disease
204,58,Male,P4,128,259,No,R2,130,Yes,3,S2,2,T7,Disease
205,50,Male,P4,144,200,No,R2,126,Yes,0.9,S2,0,T7,Disease
206,55,Male,P2,130,262,No,R0,155,No,0,S1,0,T3,NoDisease
207,62,Female,P4,150,244,No,R0,154,Yes,1.4,S2,0,T3,Disease
208,37,Female,P3,120,215,No,R0,170,No,0,S1,0,T3,NoDisease
209,38,Male,P1,120,231,No,R0,182,Yes,3.8,S2,0,T7,Disease
210,41,Male,P3,130,214,No,R2,168,No,2,S2,0,T3,NoDisease
211,66,Female,P4,178,228,Yes,R0,165,Yes,1,S2,2,T7,Disease
212,52,Male,P4,112,230,No,R0,160,No,0,S1,1,T3,Disease
213,56,Male,P1,120,193,No,R2,162,No,1.9,S2,0,T7,NoDisease
214,46,Female,P2,105,204,No,R0,172,No,0,S1,0,T3,NoDisease
215,46,Female,P4,138,243,No,R2,152,Yes,0,S2,0,T3,NoDisease
216,64,Female,P4,130,303,No,R0,122,No,2,S2,2,T3,NoDisease
217,59,Male,P4,138,271,No,R2,182,No,0,S1,0,T3,NoDisease
218,41,Female,P3,112,268,No,R2,172,Yes,0,S1,0,T3,NoDisease
219,54,Female,P3,108,267,No,R2,167,No,0,S1,0,T3,NoDisease
220,39,Female,P3,94,199,No,R0,179,No,0,S1,0,T3,NoDisease
221,53,Male,P4,123,282,No,R0,95,Yes,2,S2,2,T7,Disease
222,63,Female,P4,108,269,No,R0,169,Yes,1.8,S2,2,T3,Disease
223,34,Female,P2,118,210,No,R0,192,No,0.7,S1,0,T3,NoDisease
224,47,Male,P4,112,204,No,R0,143,No,0.1,S1,0,T3,NoDisease
225,67,Female,P3,152,277,No,R0,172,No,0,S1,1,T3,NoDisease
226,54,Male,P4,110,206,No,R2,108,Yes,0,S2,1,T3,Disease
227,66,Male,P4,112,212,No,R2,132,Yes,0.1,S1,1,T3,Disease
228,52,Female,P3,136,196,No,R2,169,No,0.1,S2,0,T3,NoDisease
229,55,Female,P4,180,327,No,R1,117,Yes,3.4,S2,0,T3,Disease
230,49,Male,P3,118,149,No,R2,126,No,0.8,S1,3,T3,Disease
231,74,Female,P2,120,269,No,R2,121,Yes,0.2,S1,1,T3,NoDisease
232,54,Female,P3,160,201,No,R0,163,No,0,S1,1,T3,NoDisease
233,54,Male,P4,122,286,No,R2,116,Yes,3.2,S2,2,T3,Disease
234,56,Male,P4,130,283,Yes,R2,103,Yes,1.6,S3,0,T7,Disease
235,46,Male,P4,120,249,No,R2,144,No,0.8,S1,0,T7,Disease
236,49,Female,P2,134,271,No,R0,162,No,0,S2,0,T3,NoDisease
237,42,Male,P2,120,295,No,R0,162,No,0,S1,0,T3,NoDisease
238,41,Male,P2,110,235,No,R0,153,No,0,S1,0,T3,NoDisease
239,41,Female,P2,126,306,No,R0,163,No,0,S1,0,T3,NoDisease
240,49,Female,P4,130,269,No,R0,163,No,0,S1,0,T3,NoDisease
241,61,Male,P1,134,234,No,R0,145,No,2.6,S2,2,T3,Disease
242,60,Female,P3,120,178,Yes,R0,96,No,0,S1,0,T3,NoDisease
243,67,Male,P4,120,237,No,R0,71,No,1,S2,0,T3,Disease
244,58,Male,P4,100,234,No,R0,156,No,0.1,S1,1,T7,Disease
245,47,Male,P4,110,275,No,R2,118,Yes,1,S2,1,T3,Disease
246,52,Male,P4,125,212,No,R0,168,No,1,S1,2,T7,Disease
247,62,Male,P2,128,208,Yes,R2,140,No,0,S1,0,T3,NoDisease
248,57,Male,P4,110,201,No,R0,126,Yes,1.5,S2,0,T6,NoDisease
249,58,Male,P4,146,218,No,R0,105,No,2,S2,1,T7,Disease
250,64,Male,P4,128,263,No,R0,105,Yes,0.2,S2,1,T7,NoDisease
251,51,Female,P3,120,295,No,R2,157,No,0.6,S1,0,T3,NoDisease
252,43,Male,P4,115,303,No,R0,181,No,1.2,S2,0,T3,NoDisease
253,42,Female,P3,120,209,No,R0,173,No,0,S2,0,T3,NoDisease
254,67,Female,P4,106,223,No,R0,142,No,0.3,S1,2,T3,NoDisease
255,76,Female,P3,140,197,No,R1,116,No,1.1,S2,0,T3,NoDisease
256,70,Male,P2,156,245,No,R2,143,No,0,S1,0,T3,NoDisease
257,57,Male,P2,124,261,No,R0,141,No,0.3,S1,0,T7,Disease
258,44,Female,P3,118,242,No,R0,149,No,0.3,S2,1,T3,NoDisease
259,58,Female,P2,136,319,Yes,R2,152,No,0,S1,2,T3,Disease
260,60,Female,P1,150,240,No,R0,171,No,0.9,S1,0,T3,NoDisease
261,44,Male,P3,120,226,No,R0,169,No,0,S1,0,T3,NoDisease
262,61,Male,P4,138,166,No,R2,125,Yes,3.6,S2,1,T3,Disease
263,42,Male,P4,136,315,No,R0,125,Yes,1.8,S2,0,T6,Disease
264,59,Male,P3,126,218,Yes,R0,134,No,2.2,S2,1,T6,Disease
265,40,Male,P4,152,223,No,R0,181,No,0,S1,0,T7,Disease
266,42,Male,P3,130,180,No,R0,150,No,0,S1,0,T3,NoDisease
267,61,Male,P4,140,207,No,R2,138,Yes,1.9,S1,1,T7,Disease
268,66,Male,P4,160,228,No,R2,138,No,2.3,S1,0,T6,NoDisease
269,46,Male,P4,140,311,No,R0,120,Yes,1.8,S2,2,T7,Disease
270,71,Female,P4,112,149,No,R0,125,No,1.6,S2,0,T3,NoDisease
271,59,Male,P1,134,204,No,R0,162,No,0.8,S1,2,T3,Disease
272,64,Male,P1,170,227,No,R2,155,No,0.6,S2,0,T7,NoDisease
273,66,Female,P3,146,278,No,R2,152,No,0,S2,1,T3,NoDisease
274,39,Female,P3,138,220,No,R0,152,No,0,S2,0,T3,NoDisease
275,57,Male,P2,154,232,No,R2,164,No,0,S1,1,T3,Disease
276,58,Female,P4,130,197,No,R0,131,No,0.6,S2,0,T3,NoDisease
277,57,Male,P4,110,335,No,R0,143,Yes,3,S2,1,T7,Disease
278,47,Male,P3,130,253,No,R0,179,No,0,S1,0,T3,NoDisease
279,55,Female,P4,128,205,No,R1,130,Yes,2,S2,1,T7,Disease
280,35,Male,P2,122,192,No,R0,174,No,0,S1,0,T3,NoDisease
281,61,Male,P4,148,203,No,R0,161,No,0,S1,1,T7,Disease
282,58,Male,P4,114,318,No,R1,140,No,4.4,S3,3,T6,Disease
283,58,Female,P4,170,225,Yes,R2,146,Yes,2.8,S2,2,T6,Disease
284,56,Male,P2,130,221,No,R2,163,No,0,S1,0,T7,NoDisease
285,56,Male,P2,120,240,No,R0,169,No,0,S3,0,T3,NoDisease
286,67,Male,P3,152,212,No,R2,150,No,0.8,S2,0,T7,Disease
287,55,Female,P2,132,342,No,R0,166,No,1.2,S1,0,T3,NoDisease
288,44,Male,P4,120,169,No,R0,144,Yes,2.8,S3,0,T6,Disease
289,63,Male,P4,140,187,No,R2,144,Yes,4,S1,2,T7,Disease
290,63,Female,P4,124,197,No,R0,136,Yes,0,S2,0,T3,Disease
291,41,Male,P2,120,157,No,R0,182,No,0,S1,0,T3,NoDisease
292,59,Male,P4,164,176,Yes,R2,90,No,1,S2,2,T6,Disease
293,57,Female,P4,140,241,No,R0,123,Yes,0.2,S2,0,T7,Disease
294,45,Male,P1,110,264,No,R0,132,No,1.2,S2,0,T7,Disease
295,68,Male,P4,144,193,Yes,R0,141,No,3.4,S2,2,T7,Disease
296,57,Male,P4,130,131,No,R0,115,Yes,1.2,S2,1,T7,Disease
297,57,Female,P2,130,236,No,R2,174,No,0,S2,1,T3,Disease
