"Record","Age","Gender","CP","Trestbps","Chol","Fbs","Restecg","Thalach","Exang","Oldpeak","Slope","CA","Thal","Class"
233,54,"Male","P4",122,286,"No","R2",116,"Yes",3.2,"S2",2,"T3","Disease"
234,56,"Male","P4",130,283,"Yes","R2",103,"Yes",1.6,"S3",0,"T7","Disease"
38,57,"Male","P4",150,276,"No","R2",112,"Yes",0.6,"S2",1,"T6","Disease"
109,39,"Male","P4",118,219,"No","R0",140,"No",1.2,"S2",0,"T7","Disease"
53,44,"Male","P4",112,290,"No","R2",153,"No",0,"S1",1,"T3","Disease"
57,50,"Male","P3",140,233,"No","R0",163,"No",0.6,"S2",1,"T7","Disease"
262,61,"Male","P4",138,166,"No","R2",125,"Yes",3.6,"S2",1,"T3","Disease"
205,50,"Male","P4",144,200,"No","R2",126,"Yes",0.9,"S2",0,"T7","Disease"
74,65,"Male","P4",110,248,"No","R2",158,"No",0.6,"S1",2,"T6","Disease"
297,57,"Female","P2",130,236,"No","R2",174,"No",0,"S2",1,"T3","Disease"
30,40,"Male","P4",110,167,"No","R2",114,"Yes",2,"S2",0,"T7","Disease"
24,58,"Male","P3",132,224,"No","R2",173,"No",3.2,"S1",2,"T7","Disease"
171,59,"Female","P4",174,249,"No","R0",143,"Yes",0,"S2",0,"T3","Disease"
203,45,"Male","P4",142,309,"No","R2",147,"Yes",0,"S2",3,"T7","Disease"
275,57,"Male","P2",154,232,"No","R2",164,"No",0,"S1",1,"T3","Disease"
212,52,"Male","P4",112,230,"No","R0",160,"No",0,"S1",1,"T3","Disease"
267,61,"Male","P4",140,207,"No","R2",138,"Yes",1.9,"S1",1,"T7","Disease"
2,67,"Male","P4",160,286,"No","R2",108,"Yes",1.5,"S2",3,"T3","Disease"
277,57,"Male","P4",110,335,"No","R0",143,"Yes",3,"S2",1,"T7","Disease"
155,70,"Male","P4",130,322,"No","R2",109,"No",2.4,"S2",3,"T3","Disease"
294,45,"Male","P1",110,264,"No","R0",132,"No",1.2,"S2",0,"T7","Disease"
69,59,"Male","P4",170,326,"No","R2",140,"Yes",3.4,"S3",0,"T7","Disease"
84,68,"Male","P3",180,274,"Yes","R2",150,"Yes",1.6,"S2",0,"T7","Disease"
191,62,"Female","P4",138,294,"Yes","R0",106,"No",1.9,"S2",3,"T3","Disease"
13,56,"Male","P3",130,256,"Yes","R2",142,"Yes",0.6,"S2",1,"T6","Disease"
176,56,"Male","P4",132,184,"No","R2",105,"Yes",2.1,"S2",1,"T6","Disease"
230,49,"Male","P3",118,149,"No","R2",126,"No",0.8,"S1",3,"T3","Disease"
293,57,"Female","P4",140,241,"No","R0",123,"Yes",0.2,"S2",0,"T7","Disease"
22,58,"Female","P1",150,283,"Yes","R2",162,"No",1,"S1",0,"T3","NoDisease"
19,48,"Female","P3",130,275,"No","R0",139,"No",0.2,"S1",0,"T3","NoDisease"
140,59,"Male","P2",140,221,"No","R0",164,"Yes",0,"S1",0,"T3","NoDisease"
163,58,"Female","P4",100,248,"No","R2",122,"No",1,"S2",0,"T3","NoDisease"
71,65,"Female","P3",155,269,"No","R0",148,"No",0.8,"S1",0,"T3","NoDisease"
175,52,"Male","P4",108,233,"Yes","R0",147,"No",0.1,"S1",3,"T7","NoDisease"
88,53,"Female","P4",138,234,"No","R2",160,"No",0,"S1",0,"T3","NoDisease"
52,65,"Male","P4",120,177,"No","R0",140,"No",0.4,"S1",0,"T7","NoDisease"
225,67,"Female","P3",152,277,"No","R0",172,"No",0,"S1",1,"T3","NoDisease"
94,63,"Female","P3",135,252,"No","R2",172,"No",0,"S1",0,"T3","NoDisease"
266,42,"Male","P3",130,180,"No","R0",150,"No",0,"S1",0,"T3","NoDisease"
115,41,"Male","P2",135,203,"No","R0",132,"No",0,"S2",0,"T6","NoDisease"
131,51,"Male","P3",94,227,"No","R0",154,"Yes",0,"S1",1,"T7","NoDisease"
29,43,"Male","P4",150,247,"No","R0",171,"No",1.5,"S1",0,"T3","NoDisease"
291,41,"Male","P2",120,157,"No","R0",182,"No",0,"S1",0,"T3","NoDisease"
220,39,"Female","P3",94,199,"No","R0",179,"No",0,"S1",0,"T3","NoDisease"
285,56,"Male","P2",120,240,"No","R0",169,"No",0,"S3",0,"T3","NoDisease"
102,57,"Female","P4",128,303,"No","R2",159,"No",0,"S1",1,"T3","NoDisease"
258,44,"Female","P3",118,242,"No","R0",149,"No",0.3,"S2",1,"T3","NoDisease"
129,62,"Female","P4",124,209,"No","R0",163,"No",0,"S1",0,"T3","NoDisease"
276,58,"Female","P4",130,197,"No","R0",131,"No",0.6,"S2",0,"T3","NoDisease"
76,65,"Female","P3",160,360,"No","R2",151,"No",0.8,"S1",0,"T3","NoDisease"
81,45,"Male","P4",104,208,"No","R2",148,"Yes",3,"S2",0,"T3","NoDisease"
100,45,"Male","P4",115,260,"No","R2",185,"No",0,"S1",0,"T3","NoDisease"
47,51,"Male","P3",110,175,"No","R0",123,"No",0.6,"S1",0,"T3","NoDisease"
89,51,"Female","P3",130,256,"No","R2",149,"No",0.5,"S1",0,"T3","NoDisease"
178,53,"Male","P3",130,246,"Yes","R2",173,"No",0,"S1",3,"T3","NoDisease"
189,50,"Male","P3",129,196,"No","R0",163,"No",0,"S1",0,"T3","NoDisease"
103,71,"Female","P3",110,265,"Yes","R2",130,"No",0,"S1",1,"T3","NoDisease"
151,42,"Female","P4",102,265,"No","R2",122,"No",0.6,"S2",0,"T3","NoDisease"
135,55,"Female","P2",135,250,"No","R2",161,"No",1.4,"S2",0,"T3","NoDisease"
125,45,"Female","P2",130,234,"No","R2",175,"No",0.6,"S2",0,"T3","NoDisease"
